{
  "interactionModel": {
    "dialog": {
      "intents": [
        {
          "slots": [
            {
              "name": "firstname",
              "elicitationRequired": true,
              "type": "AMAZON.FirstName",
              "confirmationRequired": false,
              "prompts": {
                "elicitation": "Elicit.Slot.896949345335.922078890971"
              }
            },
            {
              "name": "middlename",
              "elicitationRequired": false,
              "type": "AMAZON.FirstName",
              "confirmationRequired": false,
              "prompts": {}
            },
            {
              "name": "lastname",
              "elicitationRequired": false,
              "type": "AMAZON.FirstName",
              "confirmationRequired": false,
              "prompts": {}
            }
          ],
          "name": "HelloIntent",
          "confirmationRequired": false,
          "prompts": {}
        },
        {
          "slots": [],
          "name": "ShowContactIntent",
          "confirmationRequired": false,
          "prompts": {}
        },
        {
          "slots": [
            {
              "name": "phone",
              "elicitationRequired": true,
              "type": "AMAZON.PhoneNumber",
              "confirmationRequired": false,
              "prompts": {
                "elicitation": "Elicit.Slot.633840877633.830248002345"
              }
            }
          ],
          "name": "RememberMyPhoneNumber",
          "confirmationRequired": false,
          "prompts": {}
        }
      ],
      "delegationStrategy": "ALWAYS"
    },
    "languageModel": {
      "intents": [
        {
          "name": "AMAZON.CancelIntent",
          "samples": []
        },
        {
          "name": "AMAZON.HelpIntent",
          "samples": []
        },
        {
          "name": "AMAZON.StopIntent",
          "samples": []
        },
        {
          "name": "AMAZON.NavigateHomeIntent",
          "samples": []
        },
        {
          "name": "AMAZON.FallbackIntent",
          "samples": []
        },
        {
          "slots": [
            {
              "name": "firstname",
              "type": "AMAZON.FirstName",
              "samples": [
                "my first name is {firstname}",
                "{firstname}",
                "its {firstname}"
              ]
            },
            {
              "name": "middlename",
              "type": "AMAZON.FirstName"
            },
            {
              "name": "lastname",
              "type": "AMAZON.FirstName"
            }
          ],
          "name": "HelloIntent",
          "samples": [
            "hi its {firstname} {middlename} {lastname}",
            "hey this is {firstname} {middlename} {lastname}",
            "hey",
            "hi my name is {firstname} {middlename} {lastname}",
            "hello I am {firstname} {middlename} {lastname}",
            "hello"
          ]
        },
        {
          "slots": [],
          "name": "PlayfavSoundIntent",
          "samples": [
            "play again",
            "okay",
            "ok",
            "sure",
            "yes please",
            "play the audio",
            "play the sound",
            "yes",
            "play"
          ]
        },
        {
          "slots": [],
          "name": "LocationIntent",
          "samples": [
            "place",
            "I want to visit your place",
            "visit",
            "address",
            "location",
            "where is your location"
          ]
        },
        {
          "slots": [],
          "name": "ShowContactIntent",
          "samples": [
            "phone number",
            "my number",
            "show my phone number"
          ]
        },
        {
          "slots": [
            {
              "name": "phone",
              "type": "AMAZON.PhoneNumber",
              "samples": [
                "its {phone}",
                "my number is {phone}",
                "{phone}"
              ]
            }
          ],
          "name": "RememberMyPhoneNumber",
          "samples": [
            "remember my number",
            "{phone}"
          ]
        }
      ],
      "types": [],
      "invocationName": "hello giraffa"
    },
    "prompts": [
      {
        "variations": [
          {
            "type": "PlainText",
            "value": "Could you please tell me your first name?"
          }
        ],
        "id": "Elicit.Slot.896949345335.922078890971"
      },
      {
        "variations": [
          {
            "type": "PlainText",
            "value": "Nice, so your first name is {firstname} , Could you also provide me your family name?"
          }
        ],
        "id": "Elicit.Slot.896949345335.49275725772"
      },
      {
        "variations": [
          {
            "type": "PlainText",
            "value": "So, could you please provide us your number?"
          }
        ],
        "id": "Elicit.Slot.633840877633.830248002345"
      }
    ]
  }
}